{
    "train_losses": [
        0.32040979132056235,
        0.2157246296107769,
        0.17612375557422638,
        0.1619693496823311,
        0.15636358298361303,
        0.15380818523466588,
        0.1538258833438158,
        0.1515079678595066,
        0.15193144150078297,
        0.15214816093444825,
        0.15185265570878984,
        0.15224385239183902,
        0.15142506547272205,
        0.15098895825445652,
        0.15177775584161282,
        0.15244064405560492,
        0.1508662611991167,
        0.15207103587687015,
        0.1512757835537195,
        0.15154461517930032,
        0.1517339476197958,
        0.15189156129956247,
        0.15141681738197804,
        0.1518007491528988,
        0.15063171327114105,
        0.1513870684802532,
        0.15146985106170177,
        0.15151234023272991,
        0.15173421554267408,
        0.15075843334197997,
        0.1515522499382496,
        0.15177810847759246,
        0.15118836596608162,
        0.15139212757349013
    ],
    "test_losses": [
        0.07161111384630203,
        0.07666204869747162,
        0.06948626786470413,
        0.05429340898990631,
        0.053726620972156525,
        0.05082292854785919,
        0.05347566306591034,
        0.05116008594632149,
        0.05243241414427757,
        0.05191429704427719,
        0.05196981132030487,
        0.05295025184750557,
        0.052487973123788834,
        0.05232595279812813,
        0.05239376053214073,
        0.05213138461112976,
        0.05244246870279312,
        0.05126038193702698,
        0.05186185985803604,
        0.05325719341635704,
        0.051388129591941833,
        0.05232967808842659,
        0.05109640955924988,
        0.05246087908744812,
        0.05343665927648544,
        0.05232276767492294,
        0.05211547017097473,
        0.05230667069554329,
        0.051966022700071335,
        0.05156684294342995,
        0.05170811340212822,
        0.05238644778728485,
        0.05174492672085762,
        0.051624879240989685
    ]
}